match,teamInnings,battingPos,batsmanName,runs,balls,4s,6s,SR,out/not_out,match_id
KKR Vs SRH,SRH,1,AbhishekSharmaÂ,2,5,0,0,40.00,out,
KKR Vs SRH,SRH,2,TravisHeadÂ,0,1,0,0,0.00,out,
KKR Vs SRH,SRH,3,RahulTripathiÂ,9,13,1,0,69.23,out,
KKR Vs SRH,SRH,4,AidenMarkramÂ,20,23,3,0,86.95,out,
KKR Vs SRH,SRH,5,NitishKumar ReddyÂ,13,10,1,1,130.00,out,
KKR Vs SRH,SRH,6,HeinrichKlaasenÂ,16,17,1,0,94.11,out,
KKR Vs SRH,SRH,7,ShahbazAhmedÂ,8,7,0,1,114.28,out,
KKR Vs SRH,SRH,8,AbdulSamadÂ,4,4,0,0,100.00,out,
KKR Vs SRH,SRH,9,PatCumminsÂ(c),24,19,2,1,126.31,out,
KKR Vs SRH,SRH,10,JaydevUnadkatÂ,4,11,0,0,36.36,out,
KKR Vs SRH,SRH,11,BhuvneshwarKumarÂ,0,1,0,0,0.00,not_out,
KKR Vs SRH,KKR,1,RahmanullahGurbazÂ,39,32,5,2,121.87,out,
KKR Vs SRH,KKR,2,SunilNarineÂ,6,2,0,1,300.00,out,
KKR Vs SRH,KKR,3,VenkateshIyerÂ,52,26,4,3,200.00,not_out,
KKR Vs SRH,KKR,4,ShreyasIyerÂ(c),6,3,1,0,200.00,not_out,
RR Vs SRH,SRH,1,TravisHeadÂ,34,28,3,1,121.42,out,
RR Vs SRH,SRH,2,AbhishekSharmaÂ,12,5,1,1,240.00,out,
RR Vs SRH,SRH,3,RahulTripathiÂ,37,15,5,2,246.66,out,
RR Vs SRH,SRH,4,AidenMarkramÂ,1,2,0,0,50.00,out,
RR Vs SRH,SRH,5,HeinrichKlaasenÂ,50,34,0,4,147.05,out,
RR Vs SRH,SRH,6,NitishKumar ReddyÂ,5,10,0,0,50.00,out,
RR Vs SRH,SRH,7,AbdulSamadÂ,0,1,0,0,0.00,out,
RR Vs SRH,SRH,8,ShahbazAhmedÂ,18,18,0,1,100.00,out,
RR Vs SRH,SRH,9,PatCumminsÂ(c),5,5,1,0,100.00,not_out,
RR Vs SRH,SRH,10,JaydevUnadkatÂ,5,2,1,0,250.00,out,
RR Vs SRH,RR,1,YashasviJaiswalÂ,42,21,4,3,200.00,out,
RR Vs SRH,RR,2,TomKohler-CadmoreÂ,10,16,1,0,62.50,out,
RR Vs SRH,RR,3,SanjuSamsonÂ(c),10,11,1,0,90.90,out,
RR Vs SRH,RR,4,RiyanParagÂ,6,10,0,0,60.00,out,
RR Vs SRH,RR,5,DhruvJurelÂ,56,35,7,2,160.00,not_out,
RR Vs SRH,RR,6,RavichandranAshwinÂ,0,3,0,0,0.00,out,
RR Vs SRH,RR,7,ShimronHetmyerÂ,4,10,0,0,40.00,out,
RR Vs SRH,RR,8,RovmanPowellÂ,6,12,0,0,50.00,out,
RR Vs SRH,RR,9,TrentBoultÂ,0,3,0,0,0.00,not_out,
RR Vs RCB,RCB,1,ViratKohliÂ,33,24,3,1,137.50,out,
RR Vs RCB,RCB,2,Fafdu PlessisÂ(c),17,14,2,1,121.42,out,
RR Vs RCB,RCB,3,CameronGreenÂ,27,21,2,1,128.57,out,
RR Vs RCB,RCB,4,RajatPatidarÂ,34,22,2,2,154.54,out,
RR Vs RCB,RCB,5,GlennMaxwellÂ,0,1,0,0,0.00,out,
RR Vs RCB,RCB,6,MahipalLomrorÂ,32,17,2,2,188.23,out,
RR Vs RCB,RCB,7,DineshKarthikÂ,11,13,1,0,84.61,out,
RR Vs RCB,RCB,8,SwapnilSinghÂ,9,4,0,1,225.00,not_out,
RR Vs RCB,RCB,9,KarnSharmaÂ,5,4,1,0,125.00,out,
RR Vs RCB,RR,1,YashasviJaiswalÂ,45,30,8,0,150.00,out,
RR Vs RCB,RR,2,TomKohler-CadmoreÂ,20,15,4,0,133.33,out,
RR Vs RCB,RR,3,SanjuSamsonÂ(c),17,13,0,1,130.76,out,
RR Vs RCB,RR,4,RiyanParagÂ,36,26,2,2,138.46,out,
RR Vs RCB,RR,5,DhruvJurelÂ,8,8,1,0,100.00,out,
RR Vs RCB,RR,6,ShimronHetmyerÂ,26,14,3,1,185.71,out,
RR Vs RCB,RR,7,RovmanPowellÂ,16,8,2,1,200.00,not_out,
RR Vs RCB,RR,8,RavichandranAshwinÂ,0,0,0,0,-,not_out,
KKR Vs SRH,SRH,1,TravisHeadÂ,0,2,0,0,0.00,out,
KKR Vs SRH,SRH,2,AbhishekSharmaÂ,3,4,0,0,75.00,out,
KKR Vs SRH,SRH,3,RahulTripathiÂ,55,35,7,1,157.14,out,
KKR Vs SRH,SRH,4,NitishKumar ReddyÂ,9,10,1,0,90.00,out,
KKR Vs SRH,SRH,5,ShahbazAhmedÂ,0,1,0,0,0.00,out,
KKR Vs SRH,SRH,6,HeinrichKlaasenÂ,32,21,3,1,152.38,out,
KKR Vs SRH,SRH,7,AbdulSamadÂ,16,12,0,2,133.33,out,
KKR Vs SRH,SRH,8,SanvirSinghÂ,0,1,0,0,0.00,out,
KKR Vs SRH,SRH,9,PatCumminsÂ(c),30,24,2,2,125.00,out,
KKR Vs SRH,SRH,10,BhuvneshwarKumarÂ,0,4,0,0,0.00,out,
KKR Vs SRH,SRH,11,VijayakanthViyaskanthÂ,7,5,0,0,140.00,not_out,
KKR Vs SRH,KKR,1,RahmanullahGurbazÂ,23,14,2,2,164.28,out,
KKR Vs SRH,KKR,2,SunilNarineÂ,21,16,4,0,131.25,out,
KKR Vs SRH,KKR,3,VenkateshIyerÂ,51,28,5,4,182.14,not_out,
KKR Vs SRH,KKR,4,ShreyasIyerÂ(c),58,24,5,4,241.66,not_out,
 SRH Vs PBKS ,PBKS,1,AtharvaTaideÂ,46,27,5,2,170.37,out,
 SRH Vs PBKS ,PBKS,2,PrabhsimranSinghÂ,71,45,7,4,157.77,out,
 SRH Vs PBKS ,PBKS,3,RileeRossouwÂ,49,24,3,4,204.16,out,
 SRH Vs PBKS ,PBKS,4,ShashankSinghÂ,2,4,0,0,50.00,out,
 SRH Vs PBKS ,PBKS,5,JiteshSharmaÂ(c),32,15,2,2,213.33,not_out,
 SRH Vs PBKS ,PBKS,6,AshutoshSharmaÂ,2,3,0,0,66.66,out,
 SRH Vs PBKS ,PBKS,7,ShivamSinghÂ,2,3,0,0,66.66,not_out,
 SRH Vs PBKS ,SRH,1,TravisHeadÂ,0,1,0,0,0.00,out,
 SRH Vs PBKS ,SRH,2,AbhishekSharmaÂ,66,28,5,6,235.71,out,
 SRH Vs PBKS ,SRH,3,RahulTripathiÂ,33,18,4,2,183.33,out,
 SRH Vs PBKS ,SRH,4,NitishKumar ReddyÂ,37,25,1,3,148.00,out,
 SRH Vs PBKS ,SRH,5,HeinrichKlaasenÂ,42,26,3,2,161.53,out,
 SRH Vs PBKS ,SRH,6,ShahbazAhmedÂ,3,6,0,0,50.00,out,
 SRH Vs PBKS ,SRH,7,AbdulSamadÂ,11,8,0,1,137.50,not_out,
 SRH Vs PBKS ,SRH,8,SanvirSinghÂ,6,4,1,0,150.00,not_out,
RCB Vs CSK,RCB,1,ViratKohliÂ,47,29,3,4,162.06,out,
RCB Vs CSK,RCB,2,Fafdu PlessisÂ(c),54,39,3,3,138.46,out,
RCB Vs CSK,RCB,3,RajatPatidarÂ,41,23,2,4,178.26,out,
RCB Vs CSK,RCB,4,CameronGreenÂ,38,17,3,3,223.52,not_out,
RCB Vs CSK,RCB,5,DineshKarthikÂ,14,6,1,1,233.33,out,
RCB Vs CSK,RCB,6,GlennMaxwellÂ,16,5,2,1,320.00,out,
RCB Vs CSK,RCB,7,MahipalLomrorÂ,0,1,0,0,0.00,not_out,
RCB Vs CSK,CSK,1,RuturajGaikwadÂ(c),0,1,0,0,0.00,out,
RCB Vs CSK,CSK,2,RachinRavindraÂ,61,37,5,3,164.86,out,
RCB Vs CSK,CSK,3,DarylMitchellÂ,4,6,0,0,66.66,out,
RCB Vs CSK,CSK,4,AjinkyaRahaneÂ,33,22,3,1,150.00,out,
RCB Vs CSK,CSK,5,ShivamDubeÂ,7,15,0,0,46.66,out,
RCB Vs CSK,CSK,6,RavindraJadejaÂ,42,22,3,3,190.90,not_out,
RCB Vs CSK,CSK,7,MitchellSantnerÂ,3,4,0,0,75.00,out,
RCB Vs CSK,CSK,8,MSDhoniÂ,25,13,3,1,192.30,out,
RCB Vs CSK,CSK,9,ShardulThakurÂ,1,2,0,0,50.00,not_out,
MI Vs LSG,LSG,1,KLRahulÂ(c),55,41,3,3,134.14,out,
MI Vs LSG,LSG,2,DevduttPadikkalÂ,0,1,0,0,0.00,out,
MI Vs LSG,LSG,3,MarcusStoinisÂ,28,22,5,0,127.27,out,
MI Vs LSG,LSG,4,DeepakHoodaÂ,11,9,1,0,122.22,out,
MI Vs LSG,LSG,5,NicholasPooranÂ,75,29,5,8,258.62,out,
MI Vs LSG,LSG,6,ArshadKhanÂ,0,1,0,0,0.00,out,
MI Vs LSG,LSG,7,AyushBadoniÂ,22,10,1,2,220.00,not_out,
MI Vs LSG,LSG,8,KrunalPandyaÂ,12,7,1,1,171.42,not_out,
MI Vs LSG,MI,1,RohitSharmaÂ,68,38,10,3,178.94,out,
MI Vs LSG,MI,2,DewaldBrevisÂ,23,20,1,2,115.00,out,
MI Vs LSG,MI,3,SuryakumarYadavÂ,0,3,0,0,0.00,out,
MI Vs LSG,MI,4,IshanKishanÂ,14,15,1,0,93.33,out,
MI Vs LSG,MI,5,HardikPandyaÂ(c),16,13,1,1,123.07,out,
MI Vs LSG,MI,6,NehalWadheraÂ,1,3,0,0,33.33,out,
MI Vs LSG,MI,7,NamanDhirÂ,62,28,4,5,221.42,not_out,
MI Vs LSG,MI,8,RomarioShepherdÂ,1,1,0,0,100.00,not_out,
RR Vs PBKS,RR,1,YashasviJaiswalÂ,4,4,1,0,100.00,out,
RR Vs PBKS,RR,2,TomKohler-CadmoreÂ,18,23,2,1,78.26,out,
RR Vs PBKS,RR,3,SanjuSamsonÂ(c),18,15,3,0,120.00,out,
RR Vs PBKS,RR,4,RiyanParagÂ,48,34,6,0,141.17,out,
RR Vs PBKS,RR,5,RavichandranAshwinÂ,28,19,3,1,147.36,out,
RR Vs PBKS,RR,6,DhruvJurelÂ,0,1,0,0,0.00,out,
RR Vs PBKS,RR,7,RovmanPowellÂ,4,5,1,0,80.00,out,
RR Vs PBKS,RR,8,DonovanFerreiraÂ,7,8,0,0,87.50,out,
RR Vs PBKS,RR,9,TrentBoultÂ,12,9,2,0,133.33,out,
RR Vs PBKS,RR,10,AveshKhanÂ,3,2,0,0,150.00,not_out,
RR Vs PBKS,PBKS,1,PrabhsimranSinghÂ,6,4,1,0,150.00,out,
RR Vs PBKS,PBKS,2,JonnyBairstowÂ,14,22,1,0,63.63,out,
RR Vs PBKS,PBKS,3,RileeRossouwÂ,22,13,5,0,169.23,out,
RR Vs PBKS,PBKS,4,ShashankSinghÂ,0,2,0,0,0.00,out,
RR Vs PBKS,PBKS,5,SamCurranÂ(c),63,41,5,3,153.65,not_out,
RR Vs PBKS,PBKS,6,JiteshSharmaÂ,22,20,0,2,110.00,out,
RR Vs PBKS,PBKS,7,AshutoshSharmaÂ,17,11,1,1,154.54,not_out,
DC Vs LSG,DC,1,JakeFraser-McGurkÂ,0,2,0,0,0.00,out,
DC Vs LSG,DC,2,AbishekPorelÂ,58,33,5,4,175.75,out,
DC Vs LSG,DC,3,ShaiHopeÂ,38,27,3,2,140.74,out,
DC Vs LSG,DC,4,RishabhPantÂ(c),33,23,5,0,143.47,out,
DC Vs LSG,DC,5,TristanStubbsÂ,57,25,3,4,228.00,not_out,
DC Vs LSG,DC,6,AxarPatelÂ,14,10,2,0,140.00,not_out,
DC Vs LSG,LSG,1,Quintonde KockÂ,12,8,2,0,150.00,out,
DC Vs LSG,LSG,2,KLRahulÂ(c),5,3,1,0,166.66,out,
DC Vs LSG,LSG,3,MarcusStoinisÂ,5,7,1,0,71.42,out,
DC Vs LSG,LSG,4,DeepakHoodaÂ,0,2,0,0,0.00,out,
DC Vs LSG,LSG,5,NicholasPooranÂ,61,27,6,4,225.92,out,
DC Vs LSG,LSG,6,AyushBadoniÂ,6,9,0,0,66.66,out,
DC Vs LSG,LSG,7,KrunalPandyaÂ,18,18,2,0,100.00,out,
DC Vs LSG,LSG,8,ArshadKhanÂ,58,33,3,5,175.75,not_out,
DC Vs LSG,LSG,9,YudhvirSinghÂ,14,7,1,1,200.00,out,
DC Vs LSG,LSG,10,RaviBishnoiÂ,2,2,0,0,100.00,out,
DC Vs LSG,LSG,11,Naveen-ul-HaqÂ,2,4,0,0,50.00,not_out,
RCB Vs DC,RCB,1,ViratKohliÂ,27,13,1,3,207.69,out,
RCB Vs DC,RCB,2,Fafdu PlessisÂ(c),6,7,1,0,85.71,out,
RCB Vs DC,RCB,3,WillJacksÂ,41,29,3,2,141.37,out,
RCB Vs DC,RCB,4,RajatPatidarÂ,52,32,3,3,162.50,out,
RCB Vs DC,RCB,5,CameronGreenÂ,32,24,1,2,133.33,not_out,
RCB Vs DC,RCB,6,MahipalLomrorÂ,13,8,0,1,162.50,out,
RCB Vs DC,RCB,7,DineshKarthikÂ,0,2,0,0,0.00,out,
RCB Vs DC,RCB,8,SwapnilSinghÂ,0,1,0,0,0.00,out,
RCB Vs DC,RCB,9,KarnSharmaÂ,6,4,1,0,150.00,out,
RCB Vs DC,RCB,10,MohammedSirajÂ,0,0,0,0,-,out,
RCB Vs DC,DC,1,DavidWarnerÂ,1,2,0,0,50.00,out,
RCB Vs DC,DC,2,JakeFraser-McGurkÂ,21,8,2,2,262.50,out,
RCB Vs DC,DC,3,AbishekPorelÂ,2,3,0,0,66.66,out,
RCB Vs DC,DC,4,ShaiHopeÂ,29,23,4,0,126.08,out,
RCB Vs DC,DC,5,KumarKushagraÂ,2,3,0,0,66.66,out,
RCB Vs DC,DC,6,AxarPatelÂ(c),57,39,5,3,146.15,out,
RCB Vs DC,DC,7,TristanStubbsÂ,3,4,0,0,75.00,out,
RCB Vs DC,DC,8,RasikhSalamÂ,10,12,1,0,83.33,out,
RCB Vs DC,DC,9,KuldeepYadavÂ,6,10,0,0,60.00,out,
RCB Vs DC,DC,10,MukeshKumarÂ,3,7,0,0,42.85,out,
RCB Vs DC,DC,11,IshantSharmaÂ,0,4,0,0,0.00,not_out,
CSK Vs RR,RR,1,YashasviJaiswalÂ,24,21,3,1,114.28,out,
CSK Vs RR,RR,2,JosButtlerÂ,21,25,2,0,84.00,out,
CSK Vs RR,RR,3,SanjuSamsonÂ(c),15,19,0,0,78.94,out,
CSK Vs RR,RR,4,RiyanParagÂ,47,35,1,3,134.28,not_out,
CSK Vs RR,RR,5,DhruvJurelÂ,28,18,1,2,155.55,out,
CSK Vs RR,RR,6,ShubhamDubeyÂ,0,1,0,0,0.00,out,
CSK Vs RR,RR,7,RavichandranAshwinÂ,1,1,0,0,100.00,not_out,
CSK Vs RR,CSK,1,RachinRavindraÂ,27,18,1,2,150.00,out,
CSK Vs RR,CSK,2,RuturajGaikwadÂ(c),42,41,1,2,102.43,not_out,
CSK Vs RR,CSK,3,DarylMitchellÂ,22,13,4,0,169.23,out,
CSK Vs RR,CSK,4,MoeenAliÂ,10,13,0,0,76.92,out,
CSK Vs RR,CSK,5,ShivamDubeÂ,18,11,2,1,163.63,out,
CSK Vs RR,CSK,6,RavindraJadejaÂ,5,6,0,0,83.33,out,
CSK Vs RR,CSK,7,SameerRizviÂ,15,8,3,0,187.50,not_out,
KKR Vs MI,KKR,1,PhilSaltÂ,6,5,0,1,120.00,out,
KKR Vs MI,KKR,2,SunilNarineÂ,0,1,0,0,0.00,out,
KKR Vs MI,KKR,3,VenkateshIyerÂ,42,21,6,2,200.00,out,
KKR Vs MI,KKR,4,ShreyasIyerÂ(c),7,10,1,0,70.00,out,
KKR Vs MI,KKR,5,NitishRanaÂ,33,23,4,1,143.47,out,
KKR Vs MI,KKR,6,AndreRussellÂ,24,14,2,2,171.42,out,
KKR Vs MI,KKR,7,RinkuSinghÂ,20,12,0,2,166.66,out,
KKR Vs MI,KKR,8,RamandeepSinghÂ,17,8,1,1,212.50,not_out,
KKR Vs MI,KKR,9,MitchellStarcÂ,2,2,0,0,100.00,not_out,
KKR Vs MI,MI,1,IshanKishanÂ,40,22,5,2,181.81,out,
KKR Vs MI,MI,2,RohitSharmaÂ,19,24,1,1,79.16,out,
KKR Vs MI,MI,3,SuryakumarYadavÂ,11,14,1,0,78.57,out,
KKR Vs MI,MI,4,TilakVarmaÂ,32,17,5,1,188.23,out,
KKR Vs MI,MI,5,HardikPandyaÂ(c),2,4,0,0,50.00,out,
KKR Vs MI,MI,6,TimDavidÂ,0,3,0,0,0.00,out,
KKR Vs MI,MI,7,NehalWadheraÂ,3,3,0,0,100.00,out,
KKR Vs MI,MI,8,NamanDhirÂ,17,6,1,2,283.33,out,
KKR Vs MI,MI,9,AnshulKambojÂ,2,2,0,0,100.00,not_out,
KKR Vs MI,MI,10,PiyushChawlaÂ,1,2,0,0,50.00,not_out,
GT Vs CSK,GT,1,SaiSudharsanÂ,103,51,5,7,201.96,out,
GT Vs CSK,GT,2,ShubmanGillÂ(c),104,55,9,6,189.09,out,
GT Vs CSK,GT,3,DavidMillerÂ,16,11,1,0,145.45,not_out,
GT Vs CSK,GT,4,MShahrukh KhanÂ,2,3,0,0,66.66,out,
GT Vs CSK,CSK,1,AjinkyaRahaneÂ,1,5,0,0,20.00,out,
GT Vs CSK,CSK,2,RachinRavindraÂ,1,2,0,0,50.00,out,
GT Vs CSK,CSK,3,RuturajGaikwadÂ(c),0,3,0,0,0.00,out,
GT Vs CSK,CSK,4,DarylMitchellÂ,63,34,7,3,185.29,out,
GT Vs CSK,CSK,5,MoeenAliÂ,56,36,4,4,155.55,out,
GT Vs CSK,CSK,6,ShivamDubeÂ,21,13,2,1,161.53,out,
GT Vs CSK,CSK,7,RavindraJadejaÂ,18,10,2,1,180.00,out,
GT Vs CSK,CSK,8,MSDhoniÂ,26,11,1,3,236.36,not_out,
GT Vs CSK,CSK,9,MitchellSantnerÂ,0,2,0,0,0.00,out,
GT Vs CSK,CSK,10,ShardulThakurÂ,3,4,0,0,75.00,not_out,
PBKS Vs RCB,RCB,1,ViratKohliÂ,92,47,7,6,195.74,out,
PBKS Vs RCB,RCB,2,Fafdu PlessisÂ(c),9,7,2,0,128.57,out,
PBKS Vs RCB,RCB,3,WillJacksÂ,12,7,1,1,171.42,out,
PBKS Vs RCB,RCB,4,RajatPatidarÂ,55,23,3,6,239.13,out,
PBKS Vs RCB,RCB,5,CameronGreenÂ,46,27,5,1,170.37,out,
PBKS Vs RCB,RCB,6,DineshKarthikÂ,18,7,1,2,257.14,out,
PBKS Vs RCB,RCB,7,MahipalLomrorÂ,0,2,0,0,0.00,out,
PBKS Vs RCB,RCB,8,SwapnilSinghÂ,1,1,0,0,100.00,not_out,
PBKS Vs RCB,PBKS,1,PrabhsimranSinghÂ,6,4,1,0,150.00,out,
PBKS Vs RCB,PBKS,2,JonnyBairstowÂ,27,16,4,1,168.75,out,
PBKS Vs RCB,PBKS,3,RileeRossouwÂ,61,27,9,3,225.92,out,
PBKS Vs RCB,PBKS,4,ShashankSinghÂ,37,19,4,2,194.73,out,
PBKS Vs RCB,PBKS,5,JiteshSharmaÂ,5,4,1,0,125.00,out,
PBKS Vs RCB,PBKS,6,LiamLivingstoneÂ,0,2,0,0,0.00,out,
PBKS Vs RCB,PBKS,7,SamCurranÂ(c),22,16,2,0,137.50,out,
PBKS Vs RCB,PBKS,8,AshutoshSharmaÂ,8,5,0,1,160.00,out,
PBKS Vs RCB,PBKS,9,HarshalPatelÂ,0,1,0,0,0.00,out,
PBKS Vs RCB,PBKS,10,RahulChaharÂ,5,5,1,0,100.00,not_out,
PBKS Vs RCB,PBKS,11,ArshdeepSinghÂ,4,3,1,0,133.33,out,
SRH Vs LSG,LSG,1,KLRahulÂ(c),29,33,1,1,87.87,out,
SRH Vs LSG,LSG,2,Quintonde KockÂ,2,5,0,0,40.00,out,
SRH Vs LSG,LSG,3,MarcusStoinisÂ,3,5,0,0,60.00,out,
SRH Vs LSG,LSG,4,KrunalPandyaÂ,24,21,0,2,114.28,out,
SRH Vs LSG,LSG,5,NicholasPooranÂ,48,26,6,1,184.61,not_out,
SRH Vs LSG,LSG,6,AyushBadoniÂ,55,30,9,0,183.33,not_out,
SRH Vs LSG,SRH,1,AbhishekSharmaÂ,75,28,8,6,267.85,not_out,
SRH Vs LSG,SRH,2,TravisHeadÂ,89,30,8,8,296.66,not_out,
DC Vs RR,DC,1,JakeFraser-McGurkÂ,50,20,7,3,250.00,out,
DC Vs RR,DC,2,AbishekPorelÂ,65,36,7,3,180.55,out,
DC Vs RR,DC,3,ShaiHopeÂ,1,1,0,0,100.00,out,
DC Vs RR,DC,4,AxarPatelÂ,15,10,1,1,150.00,out,
DC Vs RR,DC,5,RishabhPantÂ(c),15,13,0,1,115.38,out,
DC Vs RR,DC,6,TristanStubbsÂ,41,20,3,3,205.00,out,
DC Vs RR,DC,7,GulbadinNaibÂ,19,15,1,1,126.66,out,
DC Vs RR,DC,8,RasikhSalamÂ,9,3,2,0,300.00,out,
DC Vs RR,DC,9,KuldeepYadavÂ,5,2,1,0,250.00,not_out,
DC Vs RR,RR,1,YashasviJaiswalÂ,4,2,1,0,200.00,out,
DC Vs RR,RR,2,JosButtlerÂ,19,17,2,1,111.76,out,
DC Vs RR,RR,3,SanjuSamsonÂ(c),86,46,8,6,186.95,out,
DC Vs RR,RR,4,RiyanParagÂ,27,22,1,3,122.72,out,
DC Vs RR,RR,5,ShubhamDubeyÂ,25,12,2,2,208.33,out,
DC Vs RR,RR,6,RovmanPowellÂ,13,10,1,1,130.00,out,
DC Vs RR,RR,7,DonovanFerreiraÂ,1,3,0,0,33.33,out,
DC Vs RR,RR,8,RavichandranAshwinÂ,2,3,0,0,66.66,out,
DC Vs RR,RR,9,TrentBoultÂ,2,3,0,0,66.66,not_out,
DC Vs RR,RR,10,AveshKhanÂ,7,3,1,0,233.33,not_out,
MI Vs SRH,SRH,1,TravisHeadÂ,48,30,7,1,160.00,out,
MI Vs SRH,SRH,2,AbhishekSharmaÂ,11,16,0,1,68.75,out,
MI Vs SRH,SRH,3,MayankAgarwalÂ,5,6,1,0,83.33,out,
MI Vs SRH,SRH,4,NitishKumar ReddyÂ,20,15,2,0,133.33,out,
MI Vs SRH,SRH,5,HeinrichKlaasenÂ,2,4,0,0,50.00,out,
MI Vs SRH,SRH,6,MarcoJansenÂ,17,12,1,1,141.66,out,
MI Vs SRH,SRH,7,ShahbazAhmedÂ,10,12,0,0,83.33,out,
MI Vs SRH,SRH,8,AbdulSamadÂ,3,4,0,0,75.00,out,
MI Vs SRH,SRH,9,PatCumminsÂ(c),35,17,2,2,205.88,not_out,
MI Vs SRH,SRH,10,SanvirSinghÂ,8,7,0,0,114.28,not_out,
MI Vs SRH,MI,1,IshanKishanÂ,9,7,2,0,128.57,out,
MI Vs SRH,MI,2,RohitSharmaÂ,4,5,1,0,80.00,out,
MI Vs SRH,MI,3,NamanDhirÂ,0,9,0,0,0.00,out,
MI Vs SRH,MI,4,SuryakumarYadavÂ,102,51,12,6,200.00,not_out,
MI Vs SRH,MI,5,TilakVarmaÂ,37,32,6,0,115.62,not_out,
LSG Vs KKR,KKR,1,PhilSaltÂ,32,14,5,1,228.57,out,
LSG Vs KKR,KKR,2,SunilNarineÂ,81,39,6,7,207.69,out,
LSG Vs KKR,KKR,3,AngkrishRaghuvanshiÂ,32,26,3,1,123.07,out,
LSG Vs KKR,KKR,4,AndreRussellÂ,12,8,1,1,150.00,out,
LSG Vs KKR,KKR,5,RinkuSinghÂ,16,11,2,0,145.45,out,
LSG Vs KKR,KKR,6,ShreyasIyerÂ(c),23,15,3,0,153.33,out,
LSG Vs KKR,KKR,7,RamandeepSinghÂ,25,6,1,3,416.66,not_out,
LSG Vs KKR,KKR,8,VenkateshIyerÂ,1,1,0,0,100.00,not_out,
LSG Vs KKR,LSG,1,KLRahulÂ(c),25,21,3,0,119.04,out,
LSG Vs KKR,LSG,2,ArshinKulkarniÂ,9,7,2,0,128.57,out,
LSG Vs KKR,LSG,3,MarcusStoinisÂ,36,21,4,2,171.42,out,
LSG Vs KKR,LSG,4,DeepakHoodaÂ,5,3,1,0,166.66,out,
LSG Vs KKR,LSG,5,NicholasPooranÂ,10,8,0,1,125.00,out,
LSG Vs KKR,LSG,6,AyushBadoniÂ,15,12,0,1,125.00,out,
LSG Vs KKR,LSG,7,AshtonTurnerÂ,16,9,0,2,177.77,out,
LSG Vs KKR,LSG,8,KrunalPandyaÂ,5,6,0,0,83.33,out,
LSG Vs KKR,LSG,9,YudhvirSinghÂ,7,7,0,1,100.00,out,
LSG Vs KKR,LSG,10,RaviBishnoiÂ,2,3,0,0,66.66,out,
LSG Vs KKR,LSG,11,Naveen-ul-HaqÂ,0,0,0,0,-,not_out,
PBKS Vs CSK,CSK,1,AjinkyaRahaneÂ,9,7,1,0,128.57,out,
PBKS Vs CSK,CSK,2,RuturajGaikwadÂ(c),32,21,4,1,152.38,out,
PBKS Vs CSK,CSK,3,DarylMitchellÂ,30,19,2,1,157.89,out,
PBKS Vs CSK,CSK,4,ShivamDubeÂ,0,1,0,0,0.00,out,
PBKS Vs CSK,CSK,5,MoeenAliÂ,17,20,2,0,85.00,out,
PBKS Vs CSK,CSK,6,RavindraJadejaÂ,43,26,3,2,165.38,out,
PBKS Vs CSK,CSK,7,MitchellSantnerÂ,11,11,1,0,100.00,out,
PBKS Vs CSK,CSK,8,ShardulThakurÂ,17,11,2,1,154.54,out,
PBKS Vs CSK,CSK,9,MSDhoniÂ,0,1,0,0,0.00,out,
PBKS Vs CSK,CSK,10,TusharDeshpandeÂ,0,1,0,0,0.00,not_out,
PBKS Vs CSK,CSK,11,RichardGleesonÂ,2,2,0,0,100.00,not_out,
PBKS Vs CSK,PBKS,1,PrabhsimranSinghÂ,30,23,2,2,130.43,out,
PBKS Vs CSK,PBKS,2,JonnyBairstowÂ,7,6,1,0,116.66,out,
PBKS Vs CSK,PBKS,3,RileeRossouwÂ,0,3,0,0,0.00,out,
PBKS Vs CSK,PBKS,4,ShashankSinghÂ,27,20,4,0,135.00,out,
PBKS Vs CSK,PBKS,5,SamCurranÂ(c),7,11,0,0,63.63,out,
PBKS Vs CSK,PBKS,6,JiteshSharmaÂ,0,1,0,0,0.00,out,
PBKS Vs CSK,PBKS,7,AshutoshSharmaÂ,3,10,0,0,30.00,out,
PBKS Vs CSK,PBKS,8,HarpreetBrarÂ,17,13,2,0,130.76,not_out,
PBKS Vs CSK,PBKS,9,HarshalPatelÂ,12,13,1,1,92.30,out,
PBKS Vs CSK,PBKS,10,RahulChaharÂ,16,10,2,1,160.00,out,
PBKS Vs CSK,PBKS,11,KagisoRabadaÂ,11,10,0,1,110.00,not_out,
RCB Vs GT,GT,1,WriddhimanSahaÂ,1,7,0,0,14.28,out,
RCB Vs GT,GT,2,ShubmanGillÂ(c),2,7,0,0,28.57,out,
RCB Vs GT,GT,3,SaiSudharsanÂ,6,14,0,0,42.85,out,
RCB Vs GT,GT,4,MShahrukh KhanÂ,37,24,5,1,154.16,out,
RCB Vs GT,GT,5,DavidMillerÂ,30,20,3,2,150.00,out,
RCB Vs GT,GT,6,RahulTewatiaÂ,35,21,5,1,166.66,out,
RCB Vs GT,GT,7,RashidKhanÂ,18,14,2,1,128.57,out,
RCB Vs GT,GT,8,VijayShankarÂ,10,7,2,0,142.85,out,
RCB Vs GT,GT,9,ManaVsutharÂ,1,2,0,0,50.00,out,
RCB Vs GT,GT,10,MohitSharmaÂ,0,1,0,0,0.00,out,
RCB Vs GT,GT,11,NoorAhmadÂ,0,0,0,0,-,not_out,
RCB Vs GT,RCB,1,ViratKohliÂ,42,27,2,4,155.55,out,
RCB Vs GT,RCB,2,Fafdu PlessisÂ(c),64,23,10,3,278.26,out,
RCB Vs GT,RCB,3,WillJacksÂ,1,3,0,0,33.33,out,
RCB Vs GT,RCB,4,RajatPatidarÂ,2,3,0,0,66.66,out,
RCB Vs GT,RCB,5,GlennMaxwellÂ,4,3,1,0,133.33,out,
RCB Vs GT,RCB,6,CameronGreenÂ,1,2,0,0,50.00,out,
RCB Vs GT,RCB,7,DineshKarthikÂ,21,12,3,0,175.00,not_out,
RCB Vs GT,RCB,8,SwapnilSinghÂ,15,9,2,1,166.66,not_out,
MI Vs KKR,KKR,1,PhilSaltÂ,5,3,1,0,166.66,out,
MI Vs KKR,KKR,2,SunilNarineÂ,8,8,0,1,100.00,out,
MI Vs KKR,KKR,3,AngkrishRaghuvanshiÂ,13,6,0,2,216.66,out,
MI Vs KKR,KKR,4,ShreyasIyerÂ(c),6,4,1,0,150.00,out,
MI Vs KKR,KKR,5,VenkateshIyerÂ,70,52,6,3,134.61,out,
MI Vs KKR,KKR,6,RinkuSinghÂ,9,8,2,0,112.50,out,
MI Vs KKR,KKR,7,ManishPandeyÂ,42,31,2,2,135.48,out,
MI Vs KKR,KKR,8,AndreRussellÂ,7,2,0,1,350.00,out,
MI Vs KKR,KKR,9,RamandeepSinghÂ,2,4,0,0,50.00,out,
MI Vs KKR,KKR,10,MitchellStarcÂ,0,2,0,0,0.00,out,
MI Vs KKR,KKR,11,VaibhavAroraÂ,0,0,0,0,-,not_out,
MI Vs KKR,MI,1,IshanKishanÂ,13,7,1,1,185.71,out,
MI Vs KKR,MI,2,RohitSharmaÂ,11,12,0,1,91.66,out,
MI Vs KKR,MI,3,NamanDhirÂ,11,11,2,0,100.00,out,
MI Vs KKR,MI,4,SuryakumarYadavÂ,56,35,6,2,160.00,out,
MI Vs KKR,MI,5,TilakVarmaÂ,4,6,0,0,66.66,out,
MI Vs KKR,MI,6,NehalWadheraÂ,6,11,1,0,54.54,out,
MI Vs KKR,MI,7,HardikPandyaÂ(c),1,3,0,0,33.33,out,
MI Vs KKR,MI,8,TimDavidÂ,24,20,1,1,120.00,out,
MI Vs KKR,MI,9,GeraldCoetzeeÂ,8,7,0,1,114.28,out,
MI Vs KKR,MI,10,PiyushChawlaÂ,0,1,0,0,0.00,out,
MI Vs KKR,MI,11,JaspritBumrahÂ,1,1,0,0,100.00,not_out,
SRH Vs RR,SRH,1,TravisHeadÂ,58,44,6,3,131.81,out,
SRH Vs RR,SRH,2,AbhishekSharmaÂ,12,10,0,1,120.00,out,
SRH Vs RR,SRH,3,AnmolpreetSinghÂ,5,5,1,0,100.00,out,
SRH Vs RR,SRH,4,NitishKumar ReddyÂ,76,42,3,8,180.95,not_out,
SRH Vs RR,SRH,5,HeinrichKlaasenÂ,42,19,3,3,221.05,not_out,
SRH Vs RR,RR,1,YashasviJaiswalÂ,67,40,7,2,167.50,out,
SRH Vs RR,RR,2,JosButtlerÂ,0,1,0,0,0.00,out,
SRH Vs RR,RR,3,SanjuSamsonÂ(c),0,3,0,0,0.00,out,
SRH Vs RR,RR,4,RiyanParagÂ,77,49,8,4,157.14,out,
SRH Vs RR,RR,5,ShimronHetmyerÂ,13,9,1,1,144.44,out,
SRH Vs RR,RR,6,RovmanPowellÂ,27,15,3,1,180.00,out,
SRH Vs RR,RR,7,DhruvJurelÂ,1,3,0,0,33.33,out,
SRH Vs RR,RR,8,RavichandranAshwinÂ,2,2,0,0,100.00,not_out,
CSK Vs PBKS,CSK,1,AjinkyaRahaneÂ,29,24,5,0,120.83,out,
CSK Vs PBKS,CSK,2,RuturajGaikwadÂ(c),62,48,5,2,129.16,out,
CSK Vs PBKS,CSK,3,ShivamDubeÂ,0,1,0,0,0.00,out,
CSK Vs PBKS,CSK,4,RavindraJadejaÂ,2,4,0,0,50.00,out,
CSK Vs PBKS,CSK,5,SameerRizviÂ,21,23,1,0,91.30,out,
CSK Vs PBKS,CSK,6,MoeenAliÂ,15,9,1,1,166.66,out,
CSK Vs PBKS,CSK,7,MSDhoniÂ,14,11,1,1,127.27,out,
CSK Vs PBKS,CSK,8,DarylMitchellÂ,1,1,0,0,100.00,not_out,
CSK Vs PBKS,PBKS,1,PrabhsimranSinghÂ,13,10,1,1,130.00,out,
CSK Vs PBKS,PBKS,2,JonnyBairstowÂ,46,30,7,1,153.33,out,
CSK Vs PBKS,PBKS,3,RileeRossouwÂ,43,23,5,2,186.95,out,
CSK Vs PBKS,PBKS,4,ShashankSinghÂ,25,26,1,1,96.15,not_out,
CSK Vs PBKS,PBKS,5,SamCurranÂ(c),26,20,3,0,130.00,not_out,
LSG Vs MI,MI,1,IshanKishanÂ,32,36,3,0,88.88,out,
LSG Vs MI,MI,2,RohitSharmaÂ,4,5,1,0,80.00,out,
LSG Vs MI,MI,3,SuryakumarYadavÂ,10,6,0,1,166.66,out,
LSG Vs MI,MI,4,TilakVarmaÂ,7,11,1,0,63.63,out,
LSG Vs MI,MI,5,HardikPandyaÂ(c),0,1,0,0,0.00,out,
LSG Vs MI,MI,6,NehalWadheraÂ,46,41,4,2,112.19,out,
LSG Vs MI,MI,7,TimDavidÂ,35,18,3,1,194.44,not_out,
LSG Vs MI,MI,8,MohammadNabiÂ,1,2,0,0,50.00,out,
LSG Vs MI,MI,9,GeraldCoetzeeÂ,1,2,0,0,50.00,not_out,
LSG Vs MI,LSG,1,KLRahulÂ(c),28,22,3,1,127.27,out,
LSG Vs MI,LSG,2,ArshinKulkarniÂ,0,1,0,0,0.00,out,
LSG Vs MI,LSG,3,MarcusStoinisÂ,62,45,7,2,137.77,out,
LSG Vs MI,LSG,4,DeepakHoodaÂ,18,18,2,0,100.00,out,
LSG Vs MI,LSG,5,NicholasPooranÂ,14,14,1,0,100.00,not_out,
LSG Vs MI,LSG,6,AshtonTurnerÂ,5,9,0,0,55.55,out,
LSG Vs MI,LSG,7,AyushBadoniÂ,6,6,1,0,100.00,out,
LSG Vs MI,LSG,8,KrunalPandyaÂ,1,1,0,0,100.00,not_out,
KKR Vs DC,DC,1,PrithviShawÂ,13,7,3,0,185.71,out,
KKR Vs DC,DC,2,JakeFraser-McGurkÂ,12,7,1,1,171.42,out,
KKR Vs DC,DC,3,AbishekPorelÂ,18,15,2,1,120.00,out,
KKR Vs DC,DC,4,ShaiHopeÂ,6,3,0,1,200.00,out,
KKR Vs DC,DC,5,RishabhPantÂ(c),27,20,2,1,135.00,out,
KKR Vs DC,DC,6,AxarPatelÂ,15,21,2,0,71.42,out,
KKR Vs DC,DC,7,TristanStubbsÂ,4,7,0,0,57.14,out,
KKR Vs DC,DC,8,KumarKushagraÂ,1,3,0,0,33.33,out,
KKR Vs DC,DC,9,KuldeepYadavÂ,35,26,5,1,134.61,not_out,
KKR Vs DC,DC,10,RasikhSalamÂ,8,10,1,0,80.00,out,
KKR Vs DC,DC,11,LizaadWilliamsÂ,1,2,0,0,50.00,not_out,
KKR Vs DC,KKR,1,PhilSaltÂ,68,33,7,5,206.06,out,
KKR Vs DC,KKR,2,SunilNarineÂ,15,10,3,0,150.00,out,
KKR Vs DC,KKR,3,RinkuSinghÂ,11,11,1,0,100.00,out,
KKR Vs DC,KKR,4,ShreyasIyerÂ(c),33,23,3,1,143.47,not_out,
KKR Vs DC,KKR,5,VenkateshIyerÂ,26,23,2,1,113.04,not_out,
CSK Vs SRH,CSK,1,AjinkyaRahaneÂ,9,12,1,0,75.00,out,
CSK Vs SRH,CSK,2,RuturajGaikwadÂ(c),98,54,10,3,181.48,out,
CSK Vs SRH,CSK,3,DarylMitchellÂ,52,32,7,1,162.50,out,
CSK Vs SRH,CSK,4,ShivamDubeÂ,39,20,1,4,195.00,not_out,
CSK Vs SRH,CSK,5,MSDhoniÂ,5,2,1,0,250.00,not_out,
CSK Vs SRH,SRH,1,TravisHeadÂ,13,7,1,1,185.71,out,
CSK Vs SRH,SRH,2,AbhishekSharmaÂ,15,9,1,1,166.66,out,
CSK Vs SRH,SRH,3,AnmolpreetSinghÂ,0,1,0,0,0.00,out,
CSK Vs SRH,SRH,4,AidenMarkramÂ,32,26,4,0,123.07,out,
CSK Vs SRH,SRH,5,NitishKumar ReddyÂ,15,15,0,0,100.00,out,
CSK Vs SRH,SRH,6,HeinrichKlaasenÂ,20,21,0,1,95.23,out,
CSK Vs SRH,SRH,7,AbdulSamadÂ,19,18,1,1,105.55,out,
CSK Vs SRH,SRH,8,ShahbazAhmedÂ,7,5,1,0,140.00,out,
CSK Vs SRH,SRH,9,PatCumminsÂ(c),5,7,1,0,71.42,out,
CSK Vs SRH,SRH,10,BhuvneshwarKumarÂ,4,3,0,0,133.33,not_out,
CSK Vs SRH,SRH,11,JaydevUnadkatÂ,1,2,0,0,50.00,out,
GT Vs RCB,GT,1,WriddhimanSahaÂ,5,4,1,0,125.00,out,
GT Vs RCB,GT,2,ShubmanGillÂ(c),16,19,1,0,84.21,out,
GT Vs RCB,GT,3,SaiSudharsanÂ,84,49,8,4,171.42,not_out,
GT Vs RCB,GT,4,MShahrukh KhanÂ,58,30,3,5,193.33,out,
GT Vs RCB,GT,5,DavidMillerÂ,26,19,2,1,136.84,not_out,
GT Vs RCB,RCB,1,ViratKohliÂ,70,44,6,3,159.09,not_out,
GT Vs RCB,RCB,2,Fafdu PlessisÂ(c),24,12,1,3,200.00,out,
GT Vs RCB,RCB,3,WillJacksÂ,100,41,5,10,243.90,not_out,
LSG Vs RR,LSG,1,Quintonde KockÂ,8,3,2,0,266.66,out,
LSG Vs RR,LSG,2,KLRahulÂ(c),76,48,8,2,158.33,out,
LSG Vs RR,LSG,3,MarcusStoinisÂ,0,4,0,0,0.00,out,
LSG Vs RR,LSG,4,DeepakHoodaÂ,50,31,7,0,161.29,out,
LSG Vs RR,LSG,5,NicholasPooranÂ,11,11,1,0,100.00,out,
LSG Vs RR,LSG,6,AyushBadoniÂ,18,13,1,0,138.46,not_out,
LSG Vs RR,LSG,7,KrunalPandyaÂ,15,11,1,0,136.36,not_out,
LSG Vs RR,RR,1,YashasviJaiswalÂ,24,18,3,1,133.33,out,
LSG Vs RR,RR,2,JosButtlerÂ,34,18,4,1,188.88,out,
LSG Vs RR,RR,3,SanjuSamsonÂ(c),71,33,7,4,215.15,not_out,
LSG Vs RR,RR,4,RiyanParagÂ,14,11,0,1,127.27,out,
LSG Vs RR,RR,5,DhruvJurelÂ,52,34,5,2,152.94,not_out,
DC Vs MI,DC,1,JakeFraser-McGurkÂ,84,27,11,6,311.11,out,
DC Vs MI,DC,2,AbishekPorelÂ,36,27,3,1,133.33,out,
DC Vs MI,DC,3,ShaiHopeÂ,41,17,0,5,241.17,out,
DC Vs MI,DC,4,RishabhPantÂ(c),29,19,2,2,152.63,out,
DC Vs MI,DC,5,TristanStubbsÂ,48,25,6,2,192.00,not_out,
DC Vs MI,DC,6,AxarPatelÂ,11,6,0,1,183.33,not_out,
DC Vs MI,MI,1,IshanKishanÂ,20,14,4,0,142.85,out,
DC Vs MI,MI,2,RohitSharmaÂ,8,8,1,0,100.00,out,
DC Vs MI,MI,3,SuryakumarYadavÂ,26,13,3,2,200.00,out,
DC Vs MI,MI,4,TilakVarmaÂ,63,32,4,4,196.87,out,
DC Vs MI,MI,5,HardikPandyaÂ(c),46,24,4,3,191.66,out,
DC Vs MI,MI,6,NehalWadheraÂ,4,2,1,0,200.00,out,
DC Vs MI,MI,7,TimDavidÂ,37,17,2,3,217.64,out,
DC Vs MI,MI,8,MohammadNabiÂ,7,4,0,1,175.00,out,
DC Vs MI,MI,9,PiyushChawlaÂ,10,4,1,1,250.00,out,
DC Vs MI,MI,10,LukeWoodÂ,9,3,0,1,300.00,not_out,
KKR Vs PBKS,KKR,1,PhilSaltÂ,75,37,6,6,202.70,out,
KKR Vs PBKS,KKR,2,SunilNarineÂ,71,32,9,4,221.87,out,
KKR Vs PBKS,KKR,3,VenkateshIyerÂ,39,23,3,2,169.56,out,
KKR Vs PBKS,KKR,4,AndreRussellÂ,24,12,2,2,200.00,out,
KKR Vs PBKS,KKR,5,ShreyasIyerÂ(c),28,10,1,3,280.00,out,
KKR Vs PBKS,KKR,6,RinkuSinghÂ,5,4,1,0,125.00,out,
KKR Vs PBKS,KKR,7,RamandeepSinghÂ,6,3,0,1,200.00,not_out,
KKR Vs PBKS,PBKS,1,PrabhsimranSinghÂ,54,20,4,5,270.00,out,
KKR Vs PBKS,PBKS,2,JonnyBairstowÂ,108,48,8,9,225.00,not_out,
KKR Vs PBKS,PBKS,3,RileeRossouwÂ,26,16,1,2,162.50,out,
KKR Vs PBKS,PBKS,4,ShashankSinghÂ,68,28,2,8,242.85,not_out,
SRH Vs RCB,RCB,1,ViratKohliÂ,51,43,4,1,118.60,out,
SRH Vs RCB,RCB,2,Fafdu PlessisÂ(c),25,12,3,1,208.33,out,
SRH Vs RCB,RCB,3,WillJacksÂ,6,9,0,0,66.66,out,
SRH Vs RCB,RCB,4,RajatPatidarÂ,50,20,2,5,250.00,out,
SRH Vs RCB,RCB,5,CameronGreenÂ,37,20,5,0,185.00,not_out,
SRH Vs RCB,RCB,6,MahipalLomrorÂ,7,4,1,0,175.00,out,
SRH Vs RCB,RCB,7,DineshKarthikÂ,11,6,2,0,183.33,out,
SRH Vs RCB,RCB,8,SwapnilSinghÂ,12,6,1,1,200.00,out,
SRH Vs RCB,SRH,1,AbhishekSharmaÂ,31,13,3,2,238.46,out,
SRH Vs RCB,SRH,2,TravisHeadÂ,1,3,0,0,33.33,out,
SRH Vs RCB,SRH,3,AidenMarkramÂ,7,8,1,0,87.50,out,
SRH Vs RCB,SRH,4,NitishKumar ReddyÂ,13,13,0,1,100.00,out,
SRH Vs RCB,SRH,5,HeinrichKlaasenÂ,7,3,0,1,233.33,out,
SRH Vs RCB,SRH,6,ShahbazAhmedÂ,40,37,1,1,108.10,not_out,
SRH Vs RCB,SRH,7,AbdulSamadÂ,10,6,0,1,166.66,out,
SRH Vs RCB,SRH,8,PatCumminsÂ(c),31,15,1,3,206.66,out,
SRH Vs RCB,SRH,9,BhuvneshwarKumarÂ,13,13,3,0,100.00,out,
SRH Vs RCB,SRH,10,JaydevUnadkatÂ,8,10,1,0,80.00,not_out,
DC Vs GT,DC,1,PrithviShawÂ,11,7,2,0,157.14,out,
DC Vs GT,DC,2,JakeFraser-McGurkÂ,23,14,2,2,164.28,out,
DC Vs GT,DC,3,AxarPatelÂ,66,43,5,4,153.48,out,
DC Vs GT,DC,4,ShaiHopeÂ,5,6,1,0,83.33,out,
DC Vs GT,DC,5,RishabhPantÂ(c),88,43,5,8,204.65,not_out,
DC Vs GT,DC,6,TristanStubbsÂ,26,7,3,2,371.42,not_out,
DC Vs GT,GT,1,WriddhimanSahaÂ,39,25,5,1,156.00,out,
DC Vs GT,GT,2,ShubmanGillÂ(c),6,5,1,0,120.00,out,
DC Vs GT,GT,3,SaiSudharsanÂ,65,39,7,2,166.66,out,
DC Vs GT,GT,4,AzmatullahOmarzaiÂ,1,2,0,0,50.00,out,
DC Vs GT,GT,5,DavidMillerÂ,55,23,6,3,239.13,out,
DC Vs GT,GT,6,MShahrukh KhanÂ,8,5,0,1,160.00,out,
DC Vs GT,GT,7,RahulTewatiaÂ,4,5,0,0,80.00,out,
DC Vs GT,GT,8,RashidKhanÂ,21,11,3,1,190.90,not_out,
DC Vs GT,GT,9,SaiKishoreÂ,13,6,0,2,216.66,out,
DC Vs GT,GT,10,MohitSharmaÂ,0,0,0,0,-,not_out,
CSK Vs LSG,CSK,1,AjinkyaRahaneÂ,1,3,0,0,33.33,out,
CSK Vs LSG,CSK,2,RuturajGaikwadÂ(c),108,60,12,3,180.00,not_out,
CSK Vs LSG,CSK,3,DarylMitchellÂ,11,10,1,0,110.00,out,
CSK Vs LSG,CSK,4,RavindraJadejaÂ,16,19,2,0,84.21,out,
CSK Vs LSG,CSK,5,ShivamDubeÂ,66,27,3,7,244.44,out,
CSK Vs LSG,CSK,6,MSDhoniÂ,4,1,1,0,400.00,not_out,
CSK Vs LSG,LSG,1,Quintonde KockÂ,0,3,0,0,0.00,out,
CSK Vs LSG,LSG,2,KLRahulÂ(c),16,14,1,1,114.28,out,
CSK Vs LSG,LSG,3,MarcusStoinisÂ,124,63,13,6,196.82,not_out,
CSK Vs LSG,LSG,4,DevduttPadikkalÂ,13,19,0,0,68.42,out,
CSK Vs LSG,LSG,5,NicholasPooranÂ,34,15,3,2,226.66,out,
CSK Vs LSG,LSG,6,DeepakHoodaÂ,17,6,2,1,283.33,not_out,
RR Vs MI,MI,1,RohitSharmaÂ,6,5,1,0,120.00,out,
RR Vs MI,MI,2,IshanKishanÂ,0,3,0,0,0.00,out,
RR Vs MI,MI,3,SuryakumarYadavÂ,10,8,2,0,125.00,out,
RR Vs MI,MI,4,TilakVarmaÂ,65,45,5,3,144.44,out,
RR Vs MI,MI,5,MohammadNabiÂ,23,17,2,1,135.29,out,
RR Vs MI,MI,6,NehalWadheraÂ,49,24,3,4,204.16,out,
RR Vs MI,MI,7,HardikPandyaÂ(c),10,10,1,0,100.00,out,
RR Vs MI,MI,8,TimDavidÂ,3,5,0,0,60.00,out,
RR Vs MI,MI,9,GeraldCoetzeeÂ,0,1,0,0,0.00,out,
RR Vs MI,MI,10,PiyushChawlaÂ,1,1,0,0,100.00,not_out,
RR Vs MI,MI,11,JaspritBumrahÂ,2,1,0,0,200.00,not_out,
RR Vs MI,RR,1,YashasviJaiswalÂ,104,60,9,7,173.33,not_out,
RR Vs MI,RR,2,JosButtlerÂ,35,25,6,0,140.00,out,
RR Vs MI,RR,3,SanjuSamsonÂ(c),38,28,2,2,135.71,not_out,
PBKS Vs GT,PBKS,1,SamCurranÂ(c),20,19,2,0,105.26,out,
PBKS Vs GT,PBKS,2,PrabhsimranSinghÂ,35,21,3,3,166.66,out,
PBKS Vs GT,PBKS,3,RileeRossouwÂ,9,7,2,0,128.57,out,
PBKS Vs GT,PBKS,4,JiteshSharmaÂ,13,12,0,1,108.33,out,
PBKS Vs GT,PBKS,5,LiamLivingstoneÂ,6,9,1,0,66.66,out,
PBKS Vs GT,PBKS,6,ShashankSinghÂ,8,12,0,0,66.66,out,
PBKS Vs GT,PBKS,7,AshutoshSharmaÂ,3,8,0,0,37.50,out,
PBKS Vs GT,PBKS,8,HarpreetSinghÂ,14,19,0,0,73.68,out,
PBKS Vs GT,PBKS,9,HarpreetBrarÂ,29,12,4,1,241.66,out,
PBKS Vs GT,PBKS,10,HarshalPatelÂ,0,1,0,0,0.00,out,
PBKS Vs GT,PBKS,11,KagisoRabadaÂ,1,1,0,0,100.00,not_out,
PBKS Vs GT,GT,1,WriddhimanSahaÂ,13,11,1,0,118.18,out,
PBKS Vs GT,GT,2,ShubmanGillÂ(c),35,29,5,0,120.68,out,
PBKS Vs GT,GT,3,SaiSudharsanÂ,31,34,3,0,91.17,out,
PBKS Vs GT,GT,4,DavidMillerÂ,4,6,0,0,66.66,out,
PBKS Vs GT,GT,5,AzmatullahOmarzaiÂ,13,10,0,1,130.00,out,
PBKS Vs GT,GT,6,RahulTewatiaÂ,36,18,7,0,200.00,not_out,
PBKS Vs GT,GT,7,MShahrukh KhanÂ,8,4,0,1,200.00,out,
PBKS Vs GT,GT,8,RashidKhanÂ,3,3,0,0,100.00,out,
PBKS Vs GT,GT,9,SaiKishoreÂ,0,0,0,0,-,not_out,
KKR Vs RCB,KKR,1,PhilSaltÂ,48,14,7,3,342.85,out,
KKR Vs RCB,KKR,2,SunilNarineÂ,10,15,2,0,66.66,out,
KKR Vs RCB,KKR,3,AngkrishRaghuvanshiÂ,3,4,0,0,75.00,out,
KKR Vs RCB,KKR,4,VenkateshIyerÂ,16,8,3,0,200.00,out,
KKR Vs RCB,KKR,5,ShreyasIyerÂ(c),50,36,7,1,138.88,out,
KKR Vs RCB,KKR,6,RinkuSinghÂ,24,16,2,1,150.00,out,
KKR Vs RCB,KKR,7,AndreRussellÂ,27,20,4,0,135.00,not_out,
KKR Vs RCB,KKR,8,RamandeepSinghÂ,24,9,2,2,266.66,not_out,
KKR Vs RCB,RCB,1,ViratKohliÂ,18,7,1,2,257.14,out,
KKR Vs RCB,RCB,2,Fafdu PlessisÂ(c),7,7,1,0,100.00,out,
KKR Vs RCB,RCB,3,WillJacksÂ,55,32,4,5,171.87,out,
KKR Vs RCB,RCB,4,RajatPatidarÂ,52,23,3,5,226.08,out,
KKR Vs RCB,RCB,5,CameronGreenÂ,6,4,0,1,150.00,out,
KKR Vs RCB,RCB,6,SuyashPrabhudessaiÂ,24,18,3,0,133.33,out,
KKR Vs RCB,RCB,7,MahipalLomrorÂ,4,3,1,0,133.33,out,
KKR Vs RCB,RCB,8,DineshKarthikÂ,25,18,3,1,138.88,out,
KKR Vs RCB,RCB,9,KarnSharmaÂ,20,7,0,3,285.71,out,
KKR Vs RCB,RCB,10,MohammedSirajÂ,0,0,0,0,-,not_out,
KKR Vs RCB,RCB,11,LockieFergusonÂ,1,1,0,0,100.00,out,
DC Vs SRH,SRH,1,TravisHeadÂ,89,32,11,6,278.12,out,
DC Vs SRH,SRH,2,AbhishekSharmaÂ,46,12,2,6,383.33,out,
DC Vs SRH,SRH,3,AidenMarkramÂ,1,3,0,0,33.33,out,
DC Vs SRH,SRH,4,HeinrichKlaasenÂ,15,8,0,2,187.50,out,
DC Vs SRH,SRH,5,NitishKumar ReddyÂ,37,27,2,2,137.03,out,
DC Vs SRH,SRH,6,ShahbazAhmedÂ,59,29,2,5,203.44,not_out,
DC Vs SRH,SRH,7,AbdulSamadÂ,13,8,1,1,162.50,out,
DC Vs SRH,SRH,8,PatCumminsÂ(c),1,1,0,0,100.00,out,
DC Vs SRH,SRH,9,WashingtonSundarÂ,0,0,0,0,-,not_out,
DC Vs SRH,DC,1,PrithviShawÂ,16,5,4,0,320.00,out,
DC Vs SRH,DC,2,DavidWarnerÂ,1,3,0,0,33.33,out,
DC Vs SRH,DC,3,JakeFraser-McGurkÂ,65,18,5,7,361.11,out,
DC Vs SRH,DC,4,AbishekPorelÂ,42,22,7,1,190.90,out,
DC Vs SRH,DC,5,TristanStubbsÂ,10,11,0,0,90.90,out,
DC Vs SRH,DC,6,RishabhPantÂ(c),44,35,5,1,125.71,out,
DC Vs SRH,DC,7,LalitYadavÂ,7,8,1,0,87.50,out,
DC Vs SRH,DC,8,AxarPatelÂ,6,8,0,0,75.00,out,
DC Vs SRH,DC,9,AnrichNortjeÂ,0,2,0,0,0.00,out,
DC Vs SRH,DC,10,KuldeepYadavÂ,0,1,0,0,0.00,out,
DC Vs SRH,DC,11,MukeshKumarÂ,0,2,0,0,0.00,not_out,
LSG Vs CSK,CSK,1,AjinkyaRahaneÂ,36,24,5,1,150.00,out,
LSG Vs CSK,CSK,2,RachinRavindraÂ,0,1,0,0,0.00,out,
LSG Vs CSK,CSK,3,RuturajGaikwadÂ(c),17,13,1,0,130.76,out,
LSG Vs CSK,CSK,4,RavindraJadejaÂ,57,40,5,1,142.50,not_out,
LSG Vs CSK,CSK,5,ShivamDubeÂ,3,8,0,0,37.50,out,
LSG Vs CSK,CSK,6,SameerRizviÂ,1,5,0,0,20.00,out,
LSG Vs CSK,CSK,7,MoeenAliÂ,30,20,0,3,150.00,out,
LSG Vs CSK,CSK,8,MSDhoniÂ,28,9,3,2,311.11,not_out,
LSG Vs CSK,LSG,1,Quintonde KockÂ,54,43,5,1,125.58,out,
LSG Vs CSK,LSG,2,KLRahulÂ(c),82,53,9,3,154.71,out,
LSG Vs CSK,LSG,3,NicholasPooranÂ,23,12,3,1,191.66,not_out,
LSG Vs CSK,LSG,4,MarcusStoinisÂ,8,7,1,0,114.28,not_out,
PBKS Vs MI,MI,1,IshanKishanÂ,8,8,1,0,100.00,out,
PBKS Vs MI,MI,2,RohitSharmaÂ,36,25,2,3,144.00,out,
PBKS Vs MI,MI,3,SuryakumarYadavÂ,78,53,7,3,147.16,out,
PBKS Vs MI,MI,4,TilakVarmaÂ,34,18,2,2,188.88,not_out,
PBKS Vs MI,MI,5,HardikPandyaÂ(c),10,6,0,1,166.66,out,
PBKS Vs MI,MI,6,TimDavidÂ,14,7,2,1,200.00,out,
PBKS Vs MI,MI,7,RomarioShepherdÂ,1,2,0,0,50.00,out,
PBKS Vs MI,MI,8,MohammadNabiÂ,0,1,0,0,0.00,out,
PBKS Vs MI,PBKS,1,SamCurranÂ(c),6,7,1,0,85.71,out,
PBKS Vs MI,PBKS,2,PrabhsimranSinghÂ,0,1,0,0,0.00,out,
PBKS Vs MI,PBKS,3,RileeRossouwÂ,1,3,0,0,33.33,out,
PBKS Vs MI,PBKS,4,LiamLivingstoneÂ,1,2,0,0,50.00,out,
PBKS Vs MI,PBKS,5,HarpreetSinghÂ,13,15,2,0,86.66,out,
PBKS Vs MI,PBKS,6,ShashankSinghÂ,41,25,2,3,164.00,out,
PBKS Vs MI,PBKS,7,JiteshSharmaÂ,9,9,1,0,100.00,out,
PBKS Vs MI,PBKS,8,AshutoshSharmaÂ,61,28,2,7,217.85,out,
PBKS Vs MI,PBKS,9,HarpreetBrarÂ,21,20,2,1,105.00,out,
PBKS Vs MI,PBKS,10,HarshalPatelÂ,1,4,0,0,25.00,not_out,
PBKS Vs MI,PBKS,11,KagisoRabadaÂ,8,3,0,1,266.66,out,
GT Vs DC,GT,1,WriddhimanSahaÂ,2,10,0,0,20.00,out,
GT Vs DC,GT,2,ShubmanGillÂ(c),8,6,2,0,133.33,out,
GT Vs DC,GT,3,SaiSudharsanÂ,12,9,2,0,133.33,out,
GT Vs DC,GT,4,DavidMillerÂ,2,6,0,0,33.33,out,
GT Vs DC,GT,5,AbhinavManoharÂ,8,14,1,0,57.14,out,
GT Vs DC,GT,6,RahulTewatiaÂ,10,15,1,0,66.66,out,
GT Vs DC,GT,7,MShahrukh KhanÂ,0,1,0,0,0.00,out,
GT Vs DC,GT,8,RashidKhanÂ,31,24,2,1,129.16,out,
GT Vs DC,GT,9,MohitSharmaÂ,2,14,0,0,14.28,out,
GT Vs DC,GT,10,NoorAhmadÂ,1,7,0,0,14.28,out,
GT Vs DC,GT,11,SpencerJohnsonÂ,1,1,0,0,100.00,not_out,
GT Vs DC,DC,1,PrithviShawÂ,7,6,1,0,116.66,out,
GT Vs DC,DC,2,JakeFraser-McGurkÂ,20,10,2,2,200.00,out,
GT Vs DC,DC,3,AbishekPorelÂ,15,7,2,1,214.28,out,
GT Vs DC,DC,4,ShaiHopeÂ,19,10,1,2,190.00,out,
GT Vs DC,DC,5,RishabhPantÂ(c),16,11,1,1,145.45,not_out,
GT Vs DC,DC,6,SumitKumarÂ,9,9,2,0,100.00,not_out,
KKR Vs RR,KKR,1,PhilSaltÂ,10,13,1,0,76.92,out,
KKR Vs RR,KKR,2,SunilNarineÂ,109,56,13,6,194.64,out,
KKR Vs RR,KKR,3,AngkrishRaghuvanshiÂ,30,18,5,0,166.66,out,
KKR Vs RR,KKR,4,ShreyasIyerÂ(c),11,7,1,1,157.14,out,
KKR Vs RR,KKR,5,AndreRussellÂ,13,10,2,0,130.00,out,
KKR Vs RR,KKR,6,RinkuSinghÂ,20,9,1,2,222.22,not_out,
KKR Vs RR,KKR,7,VenkateshIyerÂ,8,6,1,0,133.33,out,
KKR Vs RR,KKR,8,RamandeepSinghÂ,1,1,0,0,100.00,not_out,
KKR Vs RR,RR,1,YashasviJaiswalÂ,19,9,3,1,211.11,out,
KKR Vs RR,RR,2,JosButtlerÂ,107,60,9,6,178.33,not_out,
KKR Vs RR,RR,3,SanjuSamsonÂ(c),12,8,2,0,150.00,out,
KKR Vs RR,RR,4,RiyanParagÂ,34,14,4,2,242.85,out,
KKR Vs RR,RR,5,DhruvJurelÂ,2,4,0,0,50.00,out,
KKR Vs RR,RR,6,RavichandranAshwinÂ,8,11,1,0,72.72,out,
KKR Vs RR,RR,7,ShimronHetmyerÂ,0,1,0,0,0.00,out,
KKR Vs RR,RR,8,RovmanPowellÂ,26,13,1,3,200.00,out,
KKR Vs RR,RR,9,TrentBoultÂ,0,1,0,0,0.00,out,
KKR Vs RR,RR,10,AveshKhanÂ,0,0,0,0,-,not_out,
RCB Vs SRH,SRH,1,AbhishekSharmaÂ,34,22,2,2,154.54,out,
RCB Vs SRH,SRH,2,TravisHeadÂ,102,41,9,8,248.78,out,
RCB Vs SRH,SRH,3,HeinrichKlaasenÂ,67,31,2,7,216.12,out,
RCB Vs SRH,SRH,4,AidenMarkramÂ,32,17,2,2,188.23,not_out,
RCB Vs SRH,SRH,5,AbdulSamadÂ,37,10,4,3,370.00,not_out,
RCB Vs SRH,RCB,1,ViratKohliÂ,42,20,6,2,210.00,out,
RCB Vs SRH,RCB,2,Fafdu PlessisÂ(c),62,28,7,4,221.42,out,
RCB Vs SRH,RCB,3,WillJacksÂ,7,4,1,0,175.00,out,
RCB Vs SRH,RCB,4,RajatPatidarÂ,9,5,0,1,180.00,out,
RCB Vs SRH,RCB,5,SauravChauhanÂ,0,1,0,0,0.00,out,
RCB Vs SRH,RCB,6,DineshKarthikÂ,83,35,5,7,237.14,out,
RCB Vs SRH,RCB,7,MahipalLomrorÂ,19,11,0,2,172.72,out,
RCB Vs SRH,RCB,8,AnujRawatÂ,25,14,5,0,178.57,not_out,
RCB Vs SRH,RCB,9,VijaykumarVyshakÂ,1,2,0,0,50.00,not_out,
MI Vs CSK,CSK,1,AjinkyaRahaneÂ,5,8,1,0,62.50,out,
MI Vs CSK,CSK,2,RachinRavindraÂ,21,16,2,1,131.25,out,
MI Vs CSK,CSK,3,RuturajGaikwadÂ(c),69,40,5,5,172.50,out,
MI Vs CSK,CSK,4,ShivamDubeÂ,66,38,10,2,173.68,not_out,
MI Vs CSK,CSK,5,DarylMitchellÂ,17,14,1,0,121.42,out,
MI Vs CSK,CSK,6,MSDhoniÂ,20,4,0,3,500.00,not_out,
MI Vs CSK,MI,1,RohitSharmaÂ,105,63,11,5,166.66,not_out,
MI Vs CSK,MI,2,IshanKishanÂ,23,15,3,1,153.33,out,
MI Vs CSK,MI,3,SuryakumarYadavÂ,0,2,0,0,0.00,out,
MI Vs CSK,MI,4,TilakVarmaÂ,31,20,5,0,155.00,out,
MI Vs CSK,MI,5,HardikPandyaÂ(c),2,6,0,0,33.33,out,
MI Vs CSK,MI,6,TimDavidÂ,13,5,0,2,260.00,out,
MI Vs CSK,MI,7,RomarioShepherdÂ,1,2,0,0,50.00,out,
MI Vs CSK,MI,8,MohammadNabiÂ,4,7,0,0,57.14,not_out,
KKR Vs LSG,LSG,1,Quintonde KockÂ,10,8,2,0,125.00,out,
KKR Vs LSG,LSG,2,KLRahulÂ(c),39,27,3,2,144.44,out,
KKR Vs LSG,LSG,3,DeepakHoodaÂ,8,10,1,0,80.00,out,
KKR Vs LSG,LSG,4,AyushBadoniÂ,29,27,2,1,107.40,out,
KKR Vs LSG,LSG,5,MarcusStoinisÂ,10,5,2,0,200.00,out,
KKR Vs LSG,LSG,6,NicholasPooranÂ,45,32,2,4,140.62,out,
KKR Vs LSG,LSG,7,KrunalPandyaÂ,7,8,0,0,87.50,not_out,
KKR Vs LSG,LSG,8,ArshadKhanÂ,5,4,1,0,125.00,out,
KKR Vs LSG,KKR,1,PhilSaltÂ,89,47,14,3,189.36,not_out,
KKR Vs LSG,KKR,2,SunilNarineÂ,6,6,1,0,100.00,out,
KKR Vs LSG,KKR,3,AngkrishRaghuvanshiÂ,7,6,0,1,116.66,out,
KKR Vs LSG,KKR,4,ShreyasIyerÂ(c),38,38,6,0,100.00,not_out,
PBKS Vs RR,PBKS,1,AtharvaTaideÂ,15,12,2,0,125.00,out,
PBKS Vs RR,PBKS,2,JonnyBairstowÂ,15,19,1,0,78.94,out,
PBKS Vs RR,PBKS,3,PrabhsimranSinghÂ,10,14,1,0,71.42,out,
PBKS Vs RR,PBKS,4,SamCurranÂ(c),6,10,0,0,60.00,out,
PBKS Vs RR,PBKS,5,JiteshSharmaÂ,29,24,1,2,120.83,out,
PBKS Vs RR,PBKS,6,ShashankSinghÂ,9,9,1,0,100.00,out,
PBKS Vs RR,PBKS,7,LiamLivingstoneÂ,21,14,2,1,150.00,out,
PBKS Vs RR,PBKS,8,AshutoshSharmaÂ,31,16,1,3,193.75,out,
PBKS Vs RR,PBKS,9,HarpreetBrarÂ,3,3,0,0,100.00,not_out,
PBKS Vs RR,RR,1,YashasviJaiswalÂ,39,28,4,0,139.28,out,
PBKS Vs RR,RR,2,TanushKotianÂ,24,31,3,0,77.41,out,
PBKS Vs RR,RR,3,SanjuSamsonÂ(c),18,14,1,1,128.57,out,
PBKS Vs RR,RR,4,RiyanParagÂ,23,18,1,1,127.77,out,
PBKS Vs RR,RR,5,DhruvJurelÂ,6,11,0,0,54.54,out,
PBKS Vs RR,RR,6,ShimronHetmyerÂ,27,10,1,3,270.00,not_out,
PBKS Vs RR,RR,7,RovmanPowellÂ,11,5,2,0,220.00,out,
PBKS Vs RR,RR,8,KeshavMaharajÂ,1,2,0,0,50.00,out,
PBKS Vs RR,RR,9,TrentBoultÂ,0,0,0,0,-,not_out,
LSG Vs DC,LSG,1,Quintonde KockÂ,19,13,4,0,146.15,out,
LSG Vs DC,LSG,2,KLRahulÂ(c),39,22,5,1,177.27,out,
LSG Vs DC,LSG,3,DevduttPadikkalÂ,3,6,0,0,50.00,out,
LSG Vs DC,LSG,4,MarcusStoinisÂ,8,10,1,0,80.00,out,
LSG Vs DC,LSG,5,NicholasPooranÂ,0,1,0,0,0.00,out,
LSG Vs DC,LSG,6,DeepakHoodaÂ,10,13,0,0,76.92,out,
LSG Vs DC,LSG,7,AyushBadoniÂ,55,35,5,1,157.14,not_out,
LSG Vs DC,LSG,8,KrunalPandyaÂ,3,4,0,0,75.00,out,
LSG Vs DC,LSG,9,ArshadKhanÂ,20,16,2,0,125.00,not_out,
LSG Vs DC,DC,1,PrithviShawÂ,32,22,6,0,145.45,out,
LSG Vs DC,DC,2,DavidWarnerÂ,8,9,1,0,88.88,out,
LSG Vs DC,DC,3,JakeFraser-McGurkÂ,55,35,2,5,157.14,out,
LSG Vs DC,DC,4,RishabhPantÂ(c),41,24,4,2,170.83,out,
LSG Vs DC,DC,5,TristanStubbsÂ,15,9,0,1,166.66,not_out,
LSG Vs DC,DC,6,ShaiHopeÂ,11,10,1,0,110.00,not_out,
